{"cameraMode":{"drawMode":0,"name":"Shaded","section":"Shading Mode"},"sceneLighting":true,"audioPlay":false,"sceneViewState":{"showFog":false,"showMaterialUpdate":false,"showSkybox":false,"showFlares":false,"showImageEffects":false,"showParticleSystems":false},"in2DMode":false,"pivot":{"x":-0.17751547694206239,"y":0.5383175015449524,"z":-1.5612807273864747},"rotation":{"x":0.12292470782995224,"y":0.034226782619953158,"z":-0.004242562688887119,"w":0.9918208718299866},"size":2.9176340103149416,"orthographic":false}